2,1.43139373845529e+24
4,1.67638516643546e+24
6,1.79368829307821e+24
8,1.84783938560049e+24
10,1.87382612244109e+24
12,1.88802425490618e+24
14,1.89568944168968e+24
16,1.89882252370604e+24
18,1.90104588367655e+24
20,1.90211788278648e+24
22,1.9017839211231e+24
24,1.901149965262e+24
26,1.90040447255141e+24
28,1.89879358145884e+24
30,1.89729694226564e+24
32,1.89480779820246e+24
34,1.89234532232403e+24
36,1.89278938656489e+24
38,1.89207350032583e+24
40,1.89181061399007e+24
42,1.89333412455492e+24
44,1.89556676437106e+24
46,1.89764241350821e+24
48,1.904367154703e+24
50,1.91119920304786e+24
52,1.9190682190427e+24
54,1.92934004503996e+24
56,1.94394948523966e+24
58,1.95698671966358e+24
60,1.97331441681415e+24
62,1.98911418345108e+24
64,2.00912146826329e+24
66,2.03100549750297e+24
68,2.06104496886041e+24
70,2.0870941646591e+24
72,2.10961856681345e+24
74,2.13830157499184e+24
76,2.16743242567741e+24
78,2.19866620909108e+24
80,2.23100358271158e+24
82,2.2783399104027e+24
84,2.31304338502943e+24
86,2.34123203706115e+24
88,2.37691342110217e+24
90,2.41304102381507e+24
92,2.44889425911253e+24
94,2.48556517545103e+24
96,2.52239166723035e+24
98,2.54957382430043e+24
100,2.58634591122515e+24
102,2.62305830152527e+24
104,2.6851514563985e+24
106,2.72163118490234e+24
108,2.75782823221323e+24
110,2.78278665146363e+24
112,2.81832304856189e+24
114,2.8534843876607e+24
116,2.88529903899908e+24
118,2.91961134000565e+24
120,2.95348395177162e+24
122,2.98690154758804e+24
124,3.01435545685659e+24
126,3.04692857431764e+24
128,3.07902178556109e+24
130,3.10336530674975e+24
132,3.13458284500633e+24
134,3.16531625933151e+24
136,3.19556586610418e+24
138,3.25367726580288e+24
140,3.28252062553275e+24
142,3.3108870669053e+24
144,3.33878309406433e+24
146,3.36049659376677e+24
148,3.3876067132151e+24
150,3.41426642546977e+24
152,3.44048418667785e+24
154,3.46724191886733e+24
156,3.49258043454489e+24
158,3.51750390156959e+24
160,3.54202162535341e+24
162,3.56265616365064e+24
164,3.58645522243168e+24
166,3.60987513390138e+24
168,3.63292515318159e+24
170,3.64886970881793e+24
172,3.67134697542221e+24
174,3.69347921226984e+24
176,3.71527520309088e+24
178,3.73674359258067e+24
180,3.79702121821878e+24
182,3.81728885492965e+24
184,3.83726338651564e+24
186,3.85695284834946e+24
188,3.86239599441534e+24
190,3.88171992329274e+24
192,3.90077947709137e+24
194,3.91958180785545e+24
196,3.93813387277616e+24
198,3.9489761327333e+24
200,3.96711256277004e+24
202,3.98501773538589e+24
204,4.00269784000936e+24
206,4.02015888700283e+24
208,4.03593221202724e+24
210,4.05300575146942e+24
212,4.06987549077203e+24
214,4.08654683449828e+24
216,4.10302502399662e+24
218,4.12405408291546e+24
220,4.14011440732205e+24
222,4.15599795071306e+24
224,4.17170929157706e+24
226,4.18725286784108e+24
228,4.20255039402748e+24
230,4.21781540846662e+24
232,4.23292377843015e+24
234,4.24787946581092e+24
236,4.26268631052856e+24
238,4.27734803434058e+24
240,4.28377911157732e+24
242,4.29819818913112e+24
244,4.31248194086616e+24
246,4.32663366706306e+24
248,4.34065656733968e+24
250,4.35455374390961e+24
252,4.36704708762335e+24
254,4.38072513662601e+24
256,4.39428531228895e+24
258,4.4077303858257e+24
260,4.4210630451576e+24
262,4.43428589765145e+24
264,4.4452810864235e+24
266,4.45838068728462e+24
268,4.47137624551695e+24
270,4.48427010641778e+24
272,4.49706454649573e+24
274,4.50976177571499e+24
276,4.54434142958312e+24
278,4.5565391387561e+24
280,4.56865213537297e+24
282,4.5806822292329e+24
284,4.59263117795038e+24
286,4.60450068863274e+24
288,4.61823946580945e+24
290,4.62991235863188e+24
292,4.64151143166724e+24
294,4.65303818969976e+24
296,4.66449409519877e+24
298,4.67588056970433e+24
300,4.67798304273104e+24
302,4.6892904360171e+24
304,4.70053178367213e+24
306,4.71170836443518e+24
308,4.72282142230218e+24
310,4.73387216763576e+24
312,4.74486177823616e+24
314,4.75486836831509e+24
316,4.76578714864436e+24
318,4.77664678020652e+24
320,4.78744835754745e+24
322,4.79819294639407e+24
324,4.8088815845527e+24
326,4.81951528277452e+24
328,4.83383383991481e+24
330,4.84434462671018e+24
332,4.85480377546019e+24
334,4.86521218725973e+24
336,4.87557074026686e+24
338,4.88588029040165e+24
340,4.89614167202355e+24
342,4.90648656733834e+24
344,4.91665043354264e+24
346,4.92676830787325e+24
348,4.93684095119868e+24
350,4.94686910570049e+24
352,4.95685349542764e+24
354,4.96679482683422e+24
356,4.98286639480074e+24
358,4.9927232248595e+24
360,5.00253912071637e+24
362,5.01231471994166e+24
364,5.02205064503438e+24
366,5.0317475038579e+24
368,5.04140589006255e+24
370,5.05109117279205e+24
372,5.06063812096486e+24
374,5.07014879854571e+24
376,5.07962373732692e+24
378,5.08906345699705e+24
380,5.09846846548204e+24
382,5.10783925927787e+24
384,5.11717632377122e+24
386,5.12568794126886e+24
388,5.13501381335741e+24
390,5.14430654168975e+24
392,5.15356658610061e+24
394,5.16279439639059e+24
396,5.17199041260249e+24
398,5.18115506528803e+24
400,5.19312537478641e+24
402,5.20211750789452e+24
404,5.21108079266181e+24
406,5.22001560304617e+24
408,5.22892230518914e+24
410,5.23780125762634e+24
412,5.24665281149004e+24
414,5.25547731070648e+24
416,5.25114421145302e+24
418,5.26002333143327e+24
420,5.26887503611699e+24
422,5.27769966589948e+24
424,5.2864975543679e+24
426,5.29526902847763e+24
428,5.3040144087228e+24
430,5.31273400930515e+24
432,5.33302484244763e+24
434,5.3416385802307e+24
436,5.35022813802154e+24
438,5.35879379473381e+24
440,5.3673358239899e+24
442,5.37585449425395e+24
444,5.38435006896241e+24
446,5.39282280664993e+24
448,5.38857489909051e+24
450,5.39706688806294e+24
452,5.40553590226989e+24
454,5.41398219755505e+24
456,5.42240602511001e+24
458,5.43080763158866e+24
460,5.43918725921839e+24
462,5.4475451459077e+24
464,5.46556090984872e+24
466,5.47384565784529e+24
468,5.48210982476759e+24
470,5.49035362328963e+24
472,5.49857726245105e+24
474,5.50678094774458e+24
476,5.51496488120051e+24
478,5.523129261469e+24
480,5.53646166024295e+24
482,5.54448070507602e+24
484,5.55248208735161e+24
486,5.56046597144132e+24
488,5.56843251915996e+24
490,5.57638188982466e+24
492,5.58431424031256e+24
494,5.59222972511541e+24
496,5.60410234612759e+24
498,5.61197396567586e+24
500,5.6198294223514e+24
502,5.62766885607923e+24
504,5.63549240478169e+24
506,5.64330020442282e+24
508,5.65109238905259e+24
510,5.65886909084798e+24
512,5.66663044015526e+24
514,5.68102370562849e+24
516,5.68875954141923e+24
518,5.6964802410126e+24
520,5.70418593105929e+24
522,5.71187673650018e+24
524,5.7195527806043e+24
526,5.7272141850042e+24
528,5.73486106973171e+24
530,5.73693523979769e+24
532,5.74453925277851e+24
534,5.75212910117103e+24
536,5.7597049008164e+24
538,5.76726676606395e+24
540,5.77481480980295e+24
542,5.78234914349288e+24
544,5.78986987719411e+24
546,5.79737711959659e+24
548,5.81011157321112e+24
550,5.81757565426911e+24
552,5.82502682133706e+24
554,5.8324651733332e+24
556,5.83989080803307e+24
558,5.84730382209271e+24
560,5.85470431107088e+24
562,5.8620923694518e+24
564,5.85735076643653e+24
566,5.86471456892999e+24
568,5.87206617824486e+24
570,5.87940568571589e+24
572,5.88673318168636e+24
574,5.89404875552657e+24
576,5.90135249565374e+24
578,5.9086444895502e+24
580,5.91592482378119e+24
582,5.92936323789557e+24
584,5.93662884200313e+24
586,5.94388286606439e+24
588,5.95112539620357e+24
590,5.95835651794803e+24
592,5.96557631565191e+24
594,5.97278487290882e+24
596,5.97998227246929e+24
598,5.98716859625654e+24
600,5.99633463038805e+24
602,6.00350830910798e+24
604,6.01067115242035e+24
606,6.01782323772085e+24
608,6.0249646416861e+24
610,6.03209544028669e+24
612,6.03921570880018e+24
614,6.04632552182242e+24
616,6.05342495328096e+24
618,6.06078518859014e+24
620,6.0678757013032e+24
622,6.0749560286903e+24
624,6.08202624197742e+24
626,6.08908641178529e+24
628,6.09613660814016e+24
630,6.10317690048313e+24
632,6.11020735768076e+24
634,6.11722804803416e+24
636,6.11362089174985e+24
638,6.12060133125241e+24
640,6.1275723795834e+24
642,6.13453410124224e+24
644,6.14148656022531e+24
646,6.14842982003442e+24
648,6.15536394368468e+24
650,6.16228899371192e+24
652,6.16920503218037e+24
654,6.20510854252089e+24
656,6.21200833360492e+24
658,6.21889913688705e+24
660,6.22578101522966e+24
662,6.23265403101764e+24
664,6.23951824616643e+24
666,6.2463737221292e+24
668,6.2532205199035e+24
670,6.24638171891594e+24
672,6.2531901921598e+24
674,6.25999038733225e+24
676,6.26678236129844e+24
678,6.27356617053329e+24
680,6.28034187112651e+24
682,6.28710951878829e+24
684,6.2938691688549e+24
686,6.30062087629379e+24
688,6.30641473106455e+24
690,6.31317272271881e+24
692,6.31992274526068e+24
694,6.3266648539783e+24
696,6.33339910379555e+24
698,6.34012554927598e+24
700,6.34684424462825e+24
702,6.35355524371072e+24
704,6.36025860003615e+24
706,6.36346540290467e+24
708,6.37009434377267e+24
710,6.37671621275358e+24
712,6.38333105845148e+24
714,6.38993892918653e+24
716,6.39653987299878e+24
718,6.40313393765094e+24
720,6.40972117063241e+24
722,6.4163016191617e+24
724,6.42153936350096e+24
726,6.42811038926694e+24
728,6.43467481258364e+24
730,6.44123267850342e+24
732,6.44778403184344e+24
734,6.45432891718849e+24
736,6.46086737889302e+24
738,6.46739946108334e+24
740,6.47392520766078e+24
742,6.48274405064399e+24
744,6.48927255706116e+24
746,6.49579472289853e+24
748,6.50231059238987e+24
750,6.50882020954021e+24
752,6.51532361812766e+24
754,6.52182086170605e+24
756,6.5283119836068e+24
758,6.53479702694078e+24
760,6.54572517764083e+24
762,6.55221569950276e+24
764,6.5587001772924e+24
766,6.56517865374422e+24
768,6.57165117137923e+24
770,6.57811777250584e+24
772,6.58457849922247e+24
774,6.59103339341875e+24
776,6.59748249677761e+24
778,6.6113010184039e+24
780,6.61771382057835e+24
782,6.62412109190691e+24
784,6.63052287240414e+24
786,6.63691920189308e+24
788,6.64331012000667e+24
790,6.64969566618951e+24
792,6.65607587969872e+24
794,6.66492415108523e+24
796,6.67130797758363e+24
798,6.67768645591108e+24
800,6.68405962591026e+24
